﻿<?xml version="1.0" encoding="utf-8"?>
<abapGit version="v1.0.0" serializer="LCL_OBJECT_CLAS" serializer_version="v1.0.0">
 <asx:abap xmlns:asx="http://www.sap.com/abapxml" version="1.0">
  <asx:values>
   <VSEOCLASS>
    <CLSNAME>ZCL_EXCEL_CONVERTER_ALV</CLSNAME>
    <LANGU>E</LANGU>
    <DESCRIPT>ALV grid interface implementation</DESCRIPT>
    <STATE>1</STATE>
    <CLSCCINCL>X</CLSCCINCL>
    <FIXPT>X</FIXPT>
    <UNICODE>X</UNICODE>
   </VSEOCLASS>
   <DESCRIPTIONS>
    <SEOCOMPOTX>
     <CMPNAME>APPLY_SORT</CMPNAME>
     <LANGU>E</LANGU>
     <DESCRIPT>Apply sort criteria to data table</DESCRIPT>
    </SEOCOMPOTX>
    <SEOCOMPOTX>
     <CMPNAME>APPLY_SORT</CMPNAME>
     <LANGU>I</LANGU>
     <DESCRIPT>Apply sort criteria to data table</DESCRIPT>
    </SEOCOMPOTX>
    <SEOCOMPOTX>
     <CMPNAME>CLASS_CONSTRUCTOR</CMPNAME>
     <LANGU>E</LANGU>
     <DESCRIPT>CLASS_CONSTRUCTOR</DESCRIPT>
    </SEOCOMPOTX>
    <SEOCOMPOTX>
     <CMPNAME>CLASS_CONSTRUCTOR</CMPNAME>
     <LANGU>I</LANGU>
     <DESCRIPT>CLASS_CONSTRUCTOR</DESCRIPT>
    </SEOCOMPOTX>
    <SEOCOMPOTX>
     <CMPNAME>GET_COLOR</CMPNAME>
     <LANGU>E</LANGU>
     <DESCRIPT>Create color table for formating</DESCRIPT>
    </SEOCOMPOTX>
    <SEOCOMPOTX>
     <CMPNAME>GET_COLOR</CMPNAME>
     <LANGU>I</LANGU>
     <DESCRIPT>Create color table for formating</DESCRIPT>
    </SEOCOMPOTX>
    <SEOCOMPOTX>
     <CMPNAME>GET_FILTER</CMPNAME>
     <LANGU>E</LANGU>
     <DESCRIPT>Create filter values</DESCRIPT>
    </SEOCOMPOTX>
    <SEOCOMPOTX>
     <CMPNAME>GET_FILTER</CMPNAME>
     <LANGU>I</LANGU>
     <DESCRIPT>Create filter values</DESCRIPT>
    </SEOCOMPOTX>
    <SEOCOMPOTX>
     <CMPNAME>UPDATE_CATALOG</CMPNAME>
     <LANGU>E</LANGU>
     <DESCRIPT>Create fieldcatalog and layout</DESCRIPT>
    </SEOCOMPOTX>
    <SEOCOMPOTX>
     <CMPNAME>UPDATE_CATALOG</CMPNAME>
     <LANGU>I</LANGU>
     <DESCRIPT>Create fieldcatalog and layout</DESCRIPT>
    </SEOCOMPOTX>
    <SEOCOMPOTX>
     <CMPNAME>WS_LAYO</CMPNAME>
     <LANGU>E</LANGU>
     <DESCRIPT>ALV control: Layout structure</DESCRIPT>
    </SEOCOMPOTX>
    <SEOCOMPOTX>
     <CMPNAME>WS_LAYO</CMPNAME>
     <LANGU>I</LANGU>
     <DESCRIPT>ALV control: Layout structure</DESCRIPT>
    </SEOCOMPOTX>
    <SEOCOMPOTX>
     <CMPNAME>WS_OPTION</CMPNAME>
     <LANGU>E</LANGU>
     <DESCRIPT>Converter options for grid configuration</DESCRIPT>
    </SEOCOMPOTX>
    <SEOCOMPOTX>
     <CMPNAME>WS_OPTION</CMPNAME>
     <LANGU>I</LANGU>
     <DESCRIPT>Converter options for grid configuration</DESCRIPT>
    </SEOCOMPOTX>
    <SEOCOMPOTX>
     <CMPNAME>WT_FCAT</CMPNAME>
     <LANGU>E</LANGU>
     <DESCRIPT>Field Catalog for List Viewer Control</DESCRIPT>
    </SEOCOMPOTX>
    <SEOCOMPOTX>
     <CMPNAME>WT_FCAT</CMPNAME>
     <LANGU>I</LANGU>
     <DESCRIPT>Field Catalog for List Viewer Control</DESCRIPT>
    </SEOCOMPOTX>
    <SEOCOMPOTX>
     <CMPNAME>WT_FILT</CMPNAME>
     <LANGU>E</LANGU>
     <DESCRIPT>ALV control: Table of filter conditions</DESCRIPT>
    </SEOCOMPOTX>
    <SEOCOMPOTX>
     <CMPNAME>WT_FILT</CMPNAME>
     <LANGU>I</LANGU>
     <DESCRIPT>ALV control: Table of filter conditions</DESCRIPT>
    </SEOCOMPOTX>
    <SEOCOMPOTX>
     <CMPNAME>WT_SORT</CMPNAME>
     <LANGU>E</LANGU>
     <DESCRIPT>ALV Control: Table of Sort Criteria</DESCRIPT>
    </SEOCOMPOTX>
    <SEOCOMPOTX>
     <CMPNAME>WT_SORT</CMPNAME>
     <LANGU>I</LANGU>
     <DESCRIPT>ALV Control: Table of Sort Criteria</DESCRIPT>
    </SEOCOMPOTX>
   </DESCRIPTIONS>
  </asx:values>
 </asx:abap>
</abapGit>
