﻿<?xml version="1.0" encoding="utf-8"?>
<abapGit version="v1.0.0" serializer="LCL_OBJECT_DTEL" serializer_version="v1.0.0">
 <asx:abap xmlns:asx="http://www.sap.com/abapxml" version="1.0">
  <asx:values>
   <DD04V>
    <ROLLNAME>ZEXCEL_COMPONENT_POSITION</ROLLNAME>
    <DDLANGUAGE>E</DDLANGUAGE>
    <HEADLEN>06</HEADLEN>
    <SCRLEN1>10</SCRLEN1>
    <SCRLEN2>15</SCRLEN2>
    <SCRLEN3>20</SCRLEN3>
    <DDTEXT>Position of the field in the table</DDTEXT>
    <REPTEXT>TabPos</REPTEXT>
    <SCRTEXT_S>Table pos.</SCRTEXT_S>
    <SCRTEXT_M>Table position</SCRTEXT_M>
    <SCRTEXT_L>Table position</SCRTEXT_L>
    <APPLCLASS>SDIC</APPLCLASS>
    <AUTHCLASS>01</AUTHCLASS>
    <DTELMASTER>D</DTELMASTER>
    <DATATYPE>NUMC</DATATYPE>
    <LENG>000004</LENG>
    <OUTPUTLEN>000004</OUTPUTLEN>
   </DD04V>
  </asx:values>
 </asx:abap>
</abapGit>
