﻿<?xml version="1.0" encoding="utf-8"?>
<abapGit version="v1.0.0" serializer="LCL_OBJECT_CLAS" serializer_version="v1.0.0">
 <asx:abap xmlns:asx="http://www.sap.com/abapxml" version="1.0">
  <asx:values>
   <VSEOCLASS>
    <CLSNAME>ZCL_EXCEL_READER_HUGE_FILE</CLSNAME>
    <LANGU>E</LANGU>
    <DESCRIPT>Can read large .xlsx files</DESCRIPT>
    <STATE>1</STATE>
    <CLSCCINCL>X</CLSCCINCL>
    <FIXPT>X</FIXPT>
    <UNICODE>X</UNICODE>
    <WITH_UNIT_TESTS>X</WITH_UNIT_TESTS>
   </VSEOCLASS>
   <DESCRIPTIONS>
    <SEOCOMPOTX>
     <CMPNAME>FILL_CELL_FROM_ATTRIBUTES</CMPNAME>
     <LANGU>E</LANGU>
     <DESCRIPT>Fill some cell properties from &lt;c&gt; element attributes</DESCRIPT>
    </SEOCOMPOTX>
    <SEOCOMPOTX>
     <CMPNAME>GET_CELL_COORD</CMPNAME>
     <LANGU>E</LANGU>
     <DESCRIPT>Cell coordinates from expression (like &quot;B2&quot;)</DESCRIPT>
    </SEOCOMPOTX>
    <SEOCOMPOTX>
     <CMPNAME>GET_SHARED_STRING</CMPNAME>
     <LANGU>E</LANGU>
     <DESCRIPT>Read from shared string table</DESCRIPT>
    </SEOCOMPOTX>
    <SEOCOMPOTX>
     <CMPNAME>GET_STYLE</CMPNAME>
     <LANGU>E</LANGU>
     <DESCRIPT>Read from style table</DESCRIPT>
    </SEOCOMPOTX>
    <SEOCOMPOTX>
     <CMPNAME>GET_SXML_READER</CMPNAME>
     <LANGU>E</LANGU>
     <DESCRIPT>Create an sXML reader for an XML file in the zip archive</DESCRIPT>
    </SEOCOMPOTX>
    <SEOCOMPOTX>
     <CMPNAME>PUT_CELL_TO_WORKSHEET</CMPNAME>
     <LANGU>E</LANGU>
     <DESCRIPT>Put cell data to worksheet</DESCRIPT>
    </SEOCOMPOTX>
    <SEOCOMPOTX>
     <CMPNAME>READ_SHARED_STRINGS</CMPNAME>
     <LANGU>E</LANGU>
     <DESCRIPT>Reads the XML file containing the shared strings</DESCRIPT>
    </SEOCOMPOTX>
    <SEOCOMPOTX>
     <CMPNAME>READ_WORKSHEET_DATA</CMPNAME>
     <LANGU>E</LANGU>
     <DESCRIPT>Reads the data, formula and styles of the worksheet&apos;s cells</DESCRIPT>
    </SEOCOMPOTX>
    <SEOCOMPOTX>
     <CMPNAME>SKIP_TO</CMPNAME>
     <LANGU>E</LANGU>
     <DESCRIPT>Go ahead till element with given name is found</DESCRIPT>
    </SEOCOMPOTX>
   </DESCRIPTIONS>
  </asx:values>
 </asx:abap>
</abapGit>
