﻿<?xml version="1.0" encoding="utf-8"?>
<abapGit version="v1.0.0" serializer="LCL_OBJECT_CLAS" serializer_version="v1.0.0">
 <asx:abap xmlns:asx="http://www.sap.com/abapxml" version="1.0">
  <asx:values>
   <VSEOCLASS>
    <CLSNAME>ZCL_EXCEL_STYLE_ALIGNMENT</CLSNAME>
    <LANGU>E</LANGU>
    <DESCRIPT>Alignment Style</DESCRIPT>
    <STATE>1</STATE>
    <CLSCCINCL>X</CLSCCINCL>
    <FIXPT>X</FIXPT>
    <UNICODE>X</UNICODE>
   </VSEOCLASS>
   <DESCRIPTIONS>
    <SEOCOMPOTX>
     <CMPNAME>CONSTRUCTOR</CMPNAME>
     <LANGU>E</LANGU>
     <DESCRIPT>CONSTRUCTOR</DESCRIPT>
    </SEOCOMPOTX>
    <SEOCOMPOTX>
     <CMPNAME>CONSTRUCTOR</CMPNAME>
     <LANGU>I</LANGU>
     <DESCRIPT>CONSTRUCTOR</DESCRIPT>
    </SEOCOMPOTX>
    <SEOCOMPOTX>
     <CMPNAME>C_HORIZONTAL_CENTER</CMPNAME>
     <LANGU>E</LANGU>
     <DESCRIPT>Alignment</DESCRIPT>
    </SEOCOMPOTX>
    <SEOCOMPOTX>
     <CMPNAME>C_HORIZONTAL_CENTER</CMPNAME>
     <LANGU>I</LANGU>
     <DESCRIPT>Alignment</DESCRIPT>
    </SEOCOMPOTX>
    <SEOCOMPOTX>
     <CMPNAME>C_HORIZONTAL_CENTER_CONTINUOUS</CMPNAME>
     <LANGU>E</LANGU>
     <DESCRIPT>Alignment</DESCRIPT>
    </SEOCOMPOTX>
    <SEOCOMPOTX>
     <CMPNAME>C_HORIZONTAL_CENTER_CONTINUOUS</CMPNAME>
     <LANGU>I</LANGU>
     <DESCRIPT>Alignment</DESCRIPT>
    </SEOCOMPOTX>
    <SEOCOMPOTX>
     <CMPNAME>C_HORIZONTAL_GENERAL</CMPNAME>
     <LANGU>E</LANGU>
     <DESCRIPT>Alignment</DESCRIPT>
    </SEOCOMPOTX>
    <SEOCOMPOTX>
     <CMPNAME>C_HORIZONTAL_GENERAL</CMPNAME>
     <LANGU>I</LANGU>
     <DESCRIPT>Alignment</DESCRIPT>
    </SEOCOMPOTX>
    <SEOCOMPOTX>
     <CMPNAME>C_HORIZONTAL_JUSTIFY</CMPNAME>
     <LANGU>E</LANGU>
     <DESCRIPT>Alignment</DESCRIPT>
    </SEOCOMPOTX>
    <SEOCOMPOTX>
     <CMPNAME>C_HORIZONTAL_JUSTIFY</CMPNAME>
     <LANGU>I</LANGU>
     <DESCRIPT>Alignment</DESCRIPT>
    </SEOCOMPOTX>
    <SEOCOMPOTX>
     <CMPNAME>C_HORIZONTAL_LEFT</CMPNAME>
     <LANGU>E</LANGU>
     <DESCRIPT>Alignment</DESCRIPT>
    </SEOCOMPOTX>
    <SEOCOMPOTX>
     <CMPNAME>C_HORIZONTAL_LEFT</CMPNAME>
     <LANGU>I</LANGU>
     <DESCRIPT>Alignment</DESCRIPT>
    </SEOCOMPOTX>
    <SEOCOMPOTX>
     <CMPNAME>C_HORIZONTAL_RIGHT</CMPNAME>
     <LANGU>E</LANGU>
     <DESCRIPT>Alignment</DESCRIPT>
    </SEOCOMPOTX>
    <SEOCOMPOTX>
     <CMPNAME>C_HORIZONTAL_RIGHT</CMPNAME>
     <LANGU>I</LANGU>
     <DESCRIPT>Alignment</DESCRIPT>
    </SEOCOMPOTX>
    <SEOCOMPOTX>
     <CMPNAME>C_VERTICAL_BOTTOM</CMPNAME>
     <LANGU>E</LANGU>
     <DESCRIPT>Alignment</DESCRIPT>
    </SEOCOMPOTX>
    <SEOCOMPOTX>
     <CMPNAME>C_VERTICAL_BOTTOM</CMPNAME>
     <LANGU>I</LANGU>
     <DESCRIPT>Alignment</DESCRIPT>
    </SEOCOMPOTX>
    <SEOCOMPOTX>
     <CMPNAME>C_VERTICAL_CENTER</CMPNAME>
     <LANGU>E</LANGU>
     <DESCRIPT>Alignment</DESCRIPT>
    </SEOCOMPOTX>
    <SEOCOMPOTX>
     <CMPNAME>C_VERTICAL_CENTER</CMPNAME>
     <LANGU>I</LANGU>
     <DESCRIPT>Alignment</DESCRIPT>
    </SEOCOMPOTX>
    <SEOCOMPOTX>
     <CMPNAME>C_VERTICAL_JUSTIFY</CMPNAME>
     <LANGU>E</LANGU>
     <DESCRIPT>Alignment</DESCRIPT>
    </SEOCOMPOTX>
    <SEOCOMPOTX>
     <CMPNAME>C_VERTICAL_JUSTIFY</CMPNAME>
     <LANGU>I</LANGU>
     <DESCRIPT>Alignment</DESCRIPT>
    </SEOCOMPOTX>
    <SEOCOMPOTX>
     <CMPNAME>C_VERTICAL_TOP</CMPNAME>
     <LANGU>E</LANGU>
     <DESCRIPT>Alignment</DESCRIPT>
    </SEOCOMPOTX>
    <SEOCOMPOTX>
     <CMPNAME>C_VERTICAL_TOP</CMPNAME>
     <LANGU>I</LANGU>
     <DESCRIPT>Alignment</DESCRIPT>
    </SEOCOMPOTX>
    <SEOCOMPOTX>
     <CMPNAME>GET_STRUCTURE</CMPNAME>
     <LANGU>E</LANGU>
     <DESCRIPT>Get class as a structure</DESCRIPT>
    </SEOCOMPOTX>
    <SEOCOMPOTX>
     <CMPNAME>GET_STRUCTURE</CMPNAME>
     <LANGU>I</LANGU>
     <DESCRIPT>Get class as a structure</DESCRIPT>
    </SEOCOMPOTX>
    <SEOCOMPOTX>
     <CMPNAME>HORIZONTAL</CMPNAME>
     <LANGU>E</LANGU>
     <DESCRIPT>Alignment</DESCRIPT>
    </SEOCOMPOTX>
    <SEOCOMPOTX>
     <CMPNAME>HORIZONTAL</CMPNAME>
     <LANGU>I</LANGU>
     <DESCRIPT>Alignment</DESCRIPT>
    </SEOCOMPOTX>
    <SEOCOMPOTX>
     <CMPNAME>INDENT</CMPNAME>
     <LANGU>E</LANGU>
     <DESCRIPT>Indent</DESCRIPT>
    </SEOCOMPOTX>
    <SEOCOMPOTX>
     <CMPNAME>INDENT</CMPNAME>
     <LANGU>I</LANGU>
     <DESCRIPT>Indent</DESCRIPT>
    </SEOCOMPOTX>
    <SEOCOMPOTX>
     <CMPNAME>SHRINKTOFIT</CMPNAME>
     <LANGU>E</LANGU>
     <DESCRIPT>General Flag</DESCRIPT>
    </SEOCOMPOTX>
    <SEOCOMPOTX>
     <CMPNAME>SHRINKTOFIT</CMPNAME>
     <LANGU>I</LANGU>
     <DESCRIPT>General Flag</DESCRIPT>
    </SEOCOMPOTX>
    <SEOCOMPOTX>
     <CMPNAME>TEXTROTATION</CMPNAME>
     <LANGU>E</LANGU>
     <DESCRIPT>Text Rotation</DESCRIPT>
    </SEOCOMPOTX>
    <SEOCOMPOTX>
     <CMPNAME>TEXTROTATION</CMPNAME>
     <LANGU>I</LANGU>
     <DESCRIPT>Text Rotation</DESCRIPT>
    </SEOCOMPOTX>
    <SEOCOMPOTX>
     <CMPNAME>VERTICAL</CMPNAME>
     <LANGU>E</LANGU>
     <DESCRIPT>Alignment</DESCRIPT>
    </SEOCOMPOTX>
    <SEOCOMPOTX>
     <CMPNAME>VERTICAL</CMPNAME>
     <LANGU>I</LANGU>
     <DESCRIPT>Alignment</DESCRIPT>
    </SEOCOMPOTX>
    <SEOCOMPOTX>
     <CMPNAME>WRAPTEXT</CMPNAME>
     <LANGU>E</LANGU>
     <DESCRIPT>General Flag</DESCRIPT>
    </SEOCOMPOTX>
    <SEOCOMPOTX>
     <CMPNAME>WRAPTEXT</CMPNAME>
     <LANGU>I</LANGU>
     <DESCRIPT>General Flag</DESCRIPT>
    </SEOCOMPOTX>
   </DESCRIPTIONS>
  </asx:values>
 </asx:abap>
</abapGit>
