﻿<?xml version="1.0" encoding="utf-8"?>
<abapGit version="v1.0.0" serializer="LCL_OBJECT_DTEL" serializer_version="v1.0.0">
 <asx:abap xmlns:asx="http://www.sap.com/abapxml" version="1.0">
  <asx:values>
   <DD04V>
    <ROLLNAME>ZEXCEL_DOCSECURITY</ROLLNAME>
    <DDLANGUAGE>E</DDLANGUAGE>
    <HEADLEN>55</HEADLEN>
    <SCRLEN1>10</SCRLEN1>
    <SCRLEN2>15</SCRLEN2>
    <SCRLEN3>20</SCRLEN3>
    <DDTEXT>DocSecurity</DDTEXT>
    <REPTEXT>DocSecurity</REPTEXT>
    <SCRTEXT_S>DocSec.</SCRTEXT_S>
    <SCRTEXT_M>DocSecurity</SCRTEXT_M>
    <SCRTEXT_L>DocSecurity</SCRTEXT_L>
    <DTELMASTER>E</DTELMASTER>
    <DATATYPE>NUMC</DATATYPE>
    <LENG>000001</LENG>
    <OUTPUTLEN>000001</OUTPUTLEN>
   </DD04V>
  </asx:values>
 </asx:abap>
</abapGit>
