﻿<?xml version="1.0" encoding="utf-8"?>
<abapGit version="v1.0.0" serializer="LCL_OBJECT_TABL" serializer_version="v1.0.0">
 <asx:abap xmlns:asx="http://www.sap.com/abapxml" version="1.0">
  <asx:values>
   <DD02V>
    <TABNAME>ZEXCEL_S_CELL_DATA</TABNAME>
    <DDLANGUAGE>E</DDLANGUAGE>
    <TABCLASS>INTTAB</TABCLASS>
    <DDTEXT>Cell data</DDTEXT>
    <MASTERLANG>E</MASTERLANG>
    <EXCLASS>1</EXCLASS>
   </DD02V>
   <DD03P_TABLE>
    <DD03P>
     <FIELDNAME>CELL_ROW</FIELDNAME>
     <ROLLNAME>ZEXCEL_CELL_ROW</ROLLNAME>
     <ADMINFIELD>0</ADMINFIELD>
     <COMPTYPE>E</COMPTYPE>
    </DD03P>
    <DD03P>
     <FIELDNAME>CELL_COLUMN</FIELDNAME>
     <ROLLNAME>ZEXCEL_CELL_COLUMN</ROLLNAME>
     <ADMINFIELD>0</ADMINFIELD>
     <COMPTYPE>E</COMPTYPE>
    </DD03P>
    <DD03P>
     <FIELDNAME>CELL_VALUE</FIELDNAME>
     <ROLLNAME>ZEXCEL_CELL_VALUE</ROLLNAME>
     <ADMINFIELD>0</ADMINFIELD>
     <COMPTYPE>E</COMPTYPE>
    </DD03P>
    <DD03P>
     <FIELDNAME>CELL_FORMULA</FIELDNAME>
     <ROLLNAME>ZEXCEL_CELL_FORMULA</ROLLNAME>
     <ADMINFIELD>0</ADMINFIELD>
     <COMPTYPE>E</COMPTYPE>
    </DD03P>
    <DD03P>
     <FIELDNAME>CELL_COORDS</FIELDNAME>
     <ROLLNAME>ZEXCEL_CELL_COORDS</ROLLNAME>
     <ADMINFIELD>0</ADMINFIELD>
     <COMPTYPE>E</COMPTYPE>
    </DD03P>
    <DD03P>
     <FIELDNAME>CELL_STYLE</FIELDNAME>
     <ROLLNAME>ZEXCEL_CELL_STYLE</ROLLNAME>
     <ADMINFIELD>0</ADMINFIELD>
     <COMPTYPE>E</COMPTYPE>
    </DD03P>
    <DD03P>
     <FIELDNAME>DATA_TYPE</FIELDNAME>
     <ROLLNAME>ZEXCEL_CELL_DATA_TYPE</ROLLNAME>
     <ADMINFIELD>0</ADMINFIELD>
     <COMPTYPE>E</COMPTYPE>
    </DD03P>
    <DD03P>
     <FIELDNAME>COLUMN_FORMULA_ID</FIELDNAME>
     <ADMINFIELD>0</ADMINFIELD>
     <INTTYPE>X</INTTYPE>
     <INTLEN>000004</INTLEN>
     <DATATYPE>INT4</DATATYPE>
     <LENG>000010</LENG>
     <MASK>  INT4</MASK>
     <DDTEXT>Column Formula ID</DDTEXT>
    </DD03P>
    <DD03P>
     <FIELDNAME>RTF_TAB</FIELDNAME>
     <ROLLNAME>ZEXCEL_T_RTF</ROLLNAME>
     <ADMINFIELD>0</ADMINFIELD>
     <DATATYPE>TTYP</DATATYPE>
     <MASK>  TTYPL</MASK>
     <COMPTYPE>L</COMPTYPE>
    </DD03P>
    <DD03P>
     <FIELDNAME>TABLE</FIELDNAME>
     <ROLLNAME>ZCL_EXCEL_TABLE</ROLLNAME>
     <ADMINFIELD>0</ADMINFIELD>
     <DATATYPE>REF</DATATYPE>
     <MASK>  REF RC</MASK>
     <COMPTYPE>R</COMPTYPE>
     <REFTYPE>C</REFTYPE>
    </DD03P>
    <DD03P>
     <FIELDNAME>TABLE_FIELDNAME</FIELDNAME>
     <ROLLNAME>ZEXCEL_FIELDNAME</ROLLNAME>
     <ADMINFIELD>0</ADMINFIELD>
     <COMPTYPE>E</COMPTYPE>
    </DD03P>
    <DD03P>
     <FIELDNAME>TABLE_HEADER</FIELDNAME>
     <ROLLNAME>FLAG</ROLLNAME>
     <ADMINFIELD>0</ADMINFIELD>
     <VALEXI>X</VALEXI>
     <SHLPORIGIN>F</SHLPORIGIN>
     <COMPTYPE>E</COMPTYPE>
    </DD03P>
   </DD03P_TABLE>
  </asx:values>
 </asx:abap>
</abapGit>
