﻿<?xml version="1.0" encoding="utf-8"?>
<abapGit version="v1.0.0" serializer="LCL_OBJECT_DTEL" serializer_version="v1.0.0">
 <asx:abap xmlns:asx="http://www.sap.com/abapxml" version="1.0">
  <asx:values>
   <DD04V>
    <ROLLNAME>ZEXCEL_SHEET_ZOOMSCALE</ROLLNAME>
    <DDLANGUAGE>E</DDLANGUAGE>
    <HEADLEN>16</HEADLEN>
    <SCRLEN1>10</SCRLEN1>
    <SCRLEN2>16</SCRLEN2>
    <SCRLEN3>16</SCRLEN3>
    <DDTEXT>Sheet Zoom Scale</DDTEXT>
    <REPTEXT>Sheet Zoom Scale</REPTEXT>
    <SCRTEXT_S>Zoom Scale</SCRTEXT_S>
    <SCRTEXT_M>Sheet Zoom Scale</SCRTEXT_M>
    <SCRTEXT_L>Sheet Zoom Scale</SCRTEXT_L>
    <DTELMASTER>E</DTELMASTER>
    <DATATYPE>INT2</DATATYPE>
    <LENG>000005</LENG>
    <OUTPUTLEN>000006</OUTPUTLEN>
   </DD04V>
  </asx:values>
 </asx:abap>
</abapGit>
