﻿<?xml version="1.0" encoding="utf-8"?>
<abapGit version="v1.0.0" serializer="LCL_OBJECT_DTEL" serializer_version="v1.0.0">
 <asx:abap xmlns:asx="http://www.sap.com/abapxml" version="1.0">
  <asx:values>
   <DD04V>
    <ROLLNAME>ZEXCEL_GRAPH_TYPE</ROLLNAME>
    <DDLANGUAGE>E</DDLANGUAGE>
    <HEADLEN>10</HEADLEN>
    <SCRLEN1>10</SCRLEN1>
    <SCRLEN2>15</SCRLEN2>
    <SCRLEN3>20</SCRLEN3>
    <DDTEXT>Graph type</DDTEXT>
    <REPTEXT>Graph type</REPTEXT>
    <SCRTEXT_S>Graph type</SCRTEXT_S>
    <SCRTEXT_M>Graph type</SCRTEXT_M>
    <SCRTEXT_L>Graph type</SCRTEXT_L>
    <DTELMASTER>E</DTELMASTER>
    <DATATYPE>INT1</DATATYPE>
    <LENG>000003</LENG>
    <OUTPUTLEN>000003</OUTPUTLEN>
   </DD04V>
  </asx:values>
 </asx:abap>
</abapGit>
