﻿<?xml version="1.0" encoding="utf-8"?>
<abapGit version="v1.0.0" serializer="LCL_OBJECT_DTEL" serializer_version="v1.0.0">
 <asx:abap xmlns:asx="http://www.sap.com/abapxml" version="1.0">
  <asx:values>
   <DD04V>
    <ROLLNAME>ZEXCEL_SHOW_ROWCOLHEADER</ROLLNAME>
    <DDLANGUAGE>E</DDLANGUAGE>
    <DOMNAME>XSDBOOLEAN</DOMNAME>
    <HEADLEN>22</HEADLEN>
    <SCRLEN1>10</SCRLEN1>
    <SCRLEN2>20</SCRLEN2>
    <SCRLEN3>22</SCRLEN3>
    <DDTEXT>Show Row Column Header</DDTEXT>
    <REPTEXT>Show Row Column Header</REPTEXT>
    <SCRTEXT_S>ColHeder</SCRTEXT_S>
    <SCRTEXT_M>Show Row Column Head</SCRTEXT_M>
    <SCRTEXT_L>Show Row Column Header</SCRTEXT_L>
    <DTELMASTER>E</DTELMASTER>
    <REFKIND>D</REFKIND>
   </DD04V>
  </asx:values>
 </asx:abap>
</abapGit>
