﻿<?xml version="1.0" encoding="utf-8"?>
<abapGit version="v1.0.0" serializer="LCL_OBJECT_DTEL" serializer_version="v1.0.0">
 <asx:abap xmlns:asx="http://www.sap.com/abapxml" version="1.0">
  <asx:values>
   <DD04V>
    <ROLLNAME>ZEXCEL_STYLE_FORMULA</ROLLNAME>
    <DDLANGUAGE>E</DDLANGUAGE>
    <HEADLEN>13</HEADLEN>
    <SCRLEN1>10</SCRLEN1>
    <SCRLEN2>15</SCRLEN2>
    <SCRLEN3>20</SCRLEN3>
    <DDTEXT>Style formula</DDTEXT>
    <REPTEXT>Style formula</REPTEXT>
    <SCRTEXT_S>Formula</SCRTEXT_S>
    <SCRTEXT_M>Style formula</SCRTEXT_M>
    <SCRTEXT_L>Style formula</SCRTEXT_L>
    <DTELMASTER>E</DTELMASTER>
    <DATATYPE>STRG</DATATYPE>
   </DD04V>
  </asx:values>
 </asx:abap>
</abapGit>
