﻿<?xml version="1.0" encoding="utf-8"?>
<abapGit version="v1.0.0" serializer="LCL_OBJECT_DTEL" serializer_version="v1.0.0">
 <asx:abap xmlns:asx="http://www.sap.com/abapxml" version="1.0">
  <asx:values>
   <DD04V>
    <ROLLNAME>ZEXCEL_BORDER</ROLLNAME>
    <DDLANGUAGE>E</DDLANGUAGE>
    <HEADLEN>12</HEADLEN>
    <SCRLEN1>06</SCRLEN1>
    <SCRLEN2>12</SCRLEN2>
    <SCRLEN3>12</SCRLEN3>
    <DDTEXT>Border style</DDTEXT>
    <REPTEXT>Border style</REPTEXT>
    <SCRTEXT_S>Border</SCRTEXT_S>
    <SCRTEXT_M>Border style</SCRTEXT_M>
    <SCRTEXT_L>Border style</SCRTEXT_L>
    <DTELMASTER>E</DTELMASTER>
    <DATATYPE>CHAR</DATATYPE>
    <LENG>000020</LENG>
    <OUTPUTLEN>000020</OUTPUTLEN>
   </DD04V>
  </asx:values>
 </asx:abap>
</abapGit>
