﻿<?xml version="1.0" encoding="utf-8"?>
<abapGit version="v1.0.0" serializer="LCL_OBJECT_DTEL" serializer_version="v1.0.0">
 <asx:abap xmlns:asx="http://www.sap.com/abapxml" version="1.0">
  <asx:values>
   <DD04V>
    <ROLLNAME>ZEXCEL_SHEET_SUMMARY</ROLLNAME>
    <DDLANGUAGE>E</DDLANGUAGE>
    <HEADLEN>27</HEADLEN>
    <SCRLEN1>10</SCRLEN1>
    <SCRLEN2>19</SCRLEN2>
    <SCRLEN3>26</SCRLEN3>
    <DDTEXT>Outline summary below/right</DDTEXT>
    <REPTEXT>Outline summary below/right</REPTEXT>
    <SCRTEXT_S>SumBlwRgt</SCRTEXT_S>
    <SCRTEXT_M>Summary below/right</SCRTEXT_M>
    <SCRTEXT_L>Outline summary below/rght</SCRTEXT_L>
    <DTELMASTER>E</DTELMASTER>
    <DATATYPE>INT4</DATATYPE>
    <LENG>000010</LENG>
    <OUTPUTLEN>000011</OUTPUTLEN>
   </DD04V>
  </asx:values>
 </asx:abap>
</abapGit>
