﻿<?xml version="1.0" encoding="utf-8"?>
<abapGit version="v1.0.0" serializer="LCL_OBJECT_DTEL" serializer_version="v1.0.0">
 <asx:abap xmlns:asx="http://www.sap.com/abapxml" version="1.0">
  <asx:values>
   <DD04V>
    <ROLLNAME>ZEXCEL_NUMBER_FORMAT</ROLLNAME>
    <DDLANGUAGE>E</DDLANGUAGE>
    <HEADLEN>20</HEADLEN>
    <SCRLEN1>10</SCRLEN1>
    <SCRLEN2>15</SCRLEN2>
    <SCRLEN3>20</SCRLEN3>
    <DDTEXT>Number format</DDTEXT>
    <REPTEXT>Number format</REPTEXT>
    <SCRTEXT_S>Format</SCRTEXT_S>
    <SCRTEXT_M>Number format</SCRTEXT_M>
    <SCRTEXT_L>Number format</SCRTEXT_L>
    <DTELMASTER>E</DTELMASTER>
    <DATATYPE>STRG</DATATYPE>
   </DD04V>
  </asx:values>
 </asx:abap>
</abapGit>
