﻿<?xml version="1.0" encoding="utf-8"?>
<abapGit version="v1.0.0" serializer="LCL_OBJECT_DTEL" serializer_version="v1.0.0">
 <asx:abap xmlns:asx="http://www.sap.com/abapxml" version="1.0">
  <asx:values>
   <DD04V>
    <ROLLNAME>ZEXCEL_COLUMN_NAME</ROLLNAME>
    <DDLANGUAGE>E</DDLANGUAGE>
    <HEADLEN>15</HEADLEN>
    <SCRLEN1>10</SCRLEN1>
    <SCRLEN2>11</SCRLEN2>
    <SCRLEN3>16</SCRLEN3>
    <DDTEXT>Cell Column</DDTEXT>
    <REPTEXT>Column Name</REPTEXT>
    <SCRTEXT_S>ColumnName</SCRTEXT_S>
    <SCRTEXT_M>Column Name</SCRTEXT_M>
    <SCRTEXT_L>Column Name</SCRTEXT_L>
    <DTELMASTER>E</DTELMASTER>
    <DATATYPE>CHAR</DATATYPE>
    <LENG>000255</LENG>
    <OUTPUTLEN>000255</OUTPUTLEN>
   </DD04V>
  </asx:values>
 </asx:abap>
</abapGit>
